file,begin,end,speaker,overall_log_likelihood,speech_log_likelihood,phone_duration_deviation,snr
input,0.0,19.7946875,run_92473869,-74.43405760485093,-78.39847136852788,4.619447661382153,7.022903013273865
