file,begin,end,speaker,overall_log_likelihood,speech_log_likelihood,phone_duration_deviation,snr
Cs_degree,0.0,15.509333333333334,data,-45.74536589297227,-49.490559702334195,2.181102678492771,11.025213725975103
