file,begin,end,speaker,overall_log_likelihood,speech_log_likelihood,phone_duration_deviation,snr
input,0.0,20.5013125,run_01ea217a,-46.634950457317075,-47.063373026826454,4.100285573337057,23.92957902780518
