file,begin,end,speaker,overall_log_likelihood,speech_log_likelihood,phone_duration_deviation,snr
Cs_degree,0.0,15.509333333333334,data,-45.795877659574465,-49.22269790341156,1.942247852421719,11.19814603481293
