file,begin,end,speaker,overall_log_likelihood,speech_log_likelihood,phone_duration_deviation,snr
Cs_degree,0.0,15.509333333333334,data,-45.72122320277241,-49.4126647567749,2.207428353141362,11.173837437994461
