file,begin,end,speaker,overall_log_likelihood,speech_log_likelihood,phone_duration_deviation,snr
input,0.0,22.7893125,run_05a4c433,-65.30617869679683,-68.69661895819172,4.8873135452061724,11.217887971175164
